Id, titre, description, service, date
1, Incident 1, Description de l'incident 1, Service A, 2023-07-22
2, Incident 2, Description de l'incident 2, Service B, 2023-07-22
3, Incident 3, Description de l'incident 3, Service A, 2023-07-23
4, Incident 4, Description de l'incident 4, Service C, 2023-07-23
5, Incident 5, Description de l'incident 5, Service B, 2023-07-24
6, Incident 6, Description de l'incident 6, Service A, 2023-07-25
7, Incident 7, Description de l'incident 7, Service C, 2023-07-25
8, Incident 8, Description de l'incident 8, Service A, 2023-07-26
9, Incident 9, Description de l'incident 9, Service B, 2023-07-27
10, Incident 10, Description de l'incident 10, Service C, 2023-07-27

